list_id,list_name
105cg9y8eueze,Client Command Target Lists - 2326
106bv2r2p8l3zk,Types > Trucks
106heh3nd8keef,Client Command Target Lists - 2427
106lkqb3g8sp,Makes > Nissan > GT-R
10d5n9y2mknalh,Contexts > Cargo Space
10e1vm12mfrtvy,Makes > Infiniti > QX80
10mq976nd8i29s,Client Command Target Lists - 2333
10ni8sk1swr8do0i,Client Command Target Lists - 2310
10ooas56hoc6ckx,Client Command Target Lists - 321
10pa6526hoc92f0,Client Command Target Lists - 1785
10rod50y6v6b,Makes > Chevrolet > Impala
10s5ems2p7ifqi,Makes > Chevrolet
110ipfp6hodh3ao,Client Command Target Lists - 2384
111144pnd80939,Client Command Target Lists - 1535
11250tl2mzlfv3,Makes > GMC > Sierra
112aj2xyv8a6,"Auto In-Market > Under $15,000"
117d4d26hocr9k9,Client Command Target Lists - 2182
117s9e13ic2w,"Auto In-Market > Under $10,000"
11901teqph1ptq,Makes > Audi > RS 4
11a8het3f4kz,Makes > Buick > Enclave
11b6gq89fz8sf,Makes > Lexus > LS
11b7nly2o57u9j,Makes > Audi > RS 2
11bknsiua8gp,Client Command Target Lists - 2294
11gjbzn7fb7wxl1,Makes > Infiniti > M37
11in61l2c4fi0a,Client Command Target Lists - 2412
11izt352oh37k4,Makes > Toyota
11qh05gnd8lim6,Client Command Target Lists - 2360
11r3whf9h3zas,Makes > Fiat > 500C
11sl7aa9gl0u6,Makes > Ferrari > LaFerrari
11speg42o51cyj,Makes > Audi > S2
11t0sif6hoc8zjr,Client Command Target Lists - 1872
11t4oyv2mg0nba,Makes > Volkswagen > Beetle
11taq85nd8clxd,Client Command Target Lists - 2162
11tpenm2c4ft8n,Client Command Target Lists - 1420
11uf1n7cb63,Makes > Hyundai > Accent
121cweq9kkprw,Makes > Cadillac > ATS
1418pac1swru2jzo,Client Command Target Lists - 1619
141tpco9kf8h5,Makes > Chrysler > 300
1444bblyf8sb,Makes > Land Rover > Range Rover
148hpx52p16bv8,Makes > Kia > Sportage
149vzuq2c4g0wo,Client Command Target Lists - 2219
14ahonl9foc9h,Makes > Lexus > RX
14buvypua8su,Client Command Target Lists - 2369
14ca4c79pl9eu,Makes > Buick
14dfuo32c4dv7x,Client Command Target Lists - 2193
14jspp22mfyvol,Makes > Lexus > ES
14k9mw82c4frqc,Client Command Target Lists - 1204
14lirzt2c4ee40,Client Command Target Lists - 2363
14lsn54ygwtm,Makes > Scion > xB
14m97r49huw58,Makes > GMC > Canyon
14mufz4nd8jj90,Client Command Target Lists - 2354
14o61611swrhfeck,Client Command Target Lists - 2156
14smgkj3hv5s,Journey > News & Reviews
14tae83qsik13h,Makes > Mini
14twjfoq82wss2,Makes > Lincoln > MKC
14uwliq80kpy5,Makes > Jeep > Grand Cherokee
14v5mr69gf7ce,Makes > Lincoln > MKS
14wsqic3f344,Makes > Hyundai > Genesis
15344uc8eu87g,Client Command Target Lists - 2279
1537g2vqd0187q,Makes > Honda > Accord
1539pn4nd8ceto,Client Command Target Lists - 2306
1553ya98euftt,Client Command Target Lists - 2411
155kxl32nt4smy,Makes > Mazda > Mazda3
156snl22np8nbz,Makes > Chrysler > Pacifica
1585l4y2p72sv4,Makes > Bentley
15clil1qd7e67l,Makes > Kia > Optima
15e95du9pnmds,Makes > Kia > Forte
15fosbnnd8jinb,Client Command Target Lists - 2362
15h1ricnd8k45g,Client Command Target Lists - 2431
15ib8rr6hod99ty,Client Command Target Lists - 2405
15n7sex9hyl6y,Makes > Mitsubishi > Mirage
15nq2ci2of45aq,Makes > Hyundai
15nw03o2c4ga45,Client Command Target Lists - 1451
15oc6mpqpf9jzf,Makes > Audi > S3
15ovszrum35x,Makes > Toyota > Highlander (Revision)
15plmw79hlvko,Makes > Subaru > Outback
15r1hyu2p4fed3,Makes > Infiniti
15rb2he2c4ezop,Client Command Target Lists - 2065
15w0v6z04bk,Makes > Jaguar
15wi0htqa2qtlb,Makes > Ferrari > 488 Spider
15x03ko9i3jqy,Makes > Mitsubishi > Outlander Sport
15x4845qsfk2lc,Makes > Kia
15x5cz2nrf479,Makes > Acura > MDX
15x68nn9oo4uy,Makes > Mercedes Benz > B-Class
15xptvm226rn7ie4,Makes > Audi > RS 7
15yfz29qa012qo,Makes > Audi > TT
15z5c1w9fliv5,Makes > Mazda > Mazda CX-3
160d2tl2nhlon6,Makes > Ford > Escape
160zngh6hodb6tp,Client Command Target Lists - 264
161gxs22out2ve,Makes > Lexus > NX
16758452nqnh3c,Makes > BMW > X3
167o6ip2npzapr,Makes > Cadillac > CT6
168inw0yfupy,Makes > Mini > Clubman
1692art9hdtqu,Makes > Volvo > XC90
169gvis1swrpe7dx,Client Command Target Lists - 6
169kens2c4frey,Client Command Target Lists - 75
16ae5298eucyx,Client Command Target Lists - 2303
16ae7t19nb1dm,Makes > Mitsubishi > I-Miev
16h0m159glh0w,Makes > Toyota > Prius
16i6zh1y6wgd,Contexts > Performance
16ie6vq6hobb7wd,Client Command Target Lists - 1563
16itgtsqe1vfnl,Makes > Chevrolet > Malibu
16nlp5nd8ghjx,Client Command Target Lists - 2319
17wsxgua8l6,Client Command Target Lists - 1580
19bio39mfjkf,Makes > Infiniti > G37
1g2ah4ua8ql,Client Command Target Lists - 2346
1hxt7m6hobh4un,Client Command Target Lists - 2128
1jw7y0ua8h5,Client Command Target Lists - 2284
1o3b04y3mee,Makes > Jaguar > F-Pace
1o5dly6hod5fve,Client Command Target Lists - 2380
1o7ua87bn12xn3,Makes > Subaru > Forester
1omumx6hoblerw,Client Command Target Lists - 2275
1opy6d9phl8v,Makes > Porsche
1ptgn9qsiu2k1,Makes > Mitsubishi
1q0d2uyzkdp,Makes > Aston Martin
1smnusyv5ax,Journey > Auto Insurance
1sy04znd8fk30,Client Command Target Lists - 1923
1t8p4mqwi4ta8,Makes > Lexus > CT200
1tab2sclnm,Makes > Land Rover
1y4uab3gyxh,"Auto In-Market > Under $5,000"
20gjt4yefq2,Makes > Mercedes Benz > S-Class
20iic86hod2nos,Client Command Target Lists - 2337
21cvvp2mp36zb,Makes > Jaguar > F-Type
21dlja2295mq3ug,Makes > Infiniti > Q40
23wh362nv8t1n,Makes > Chevrolet > Silverado 1500
244zs6hod8o6f,Client Command Target Lists - 2404
25zzc3i0pl,Types > Sedans/Coupes
27h3py6zil,Makes > Kia > Sorento
27wu9i9k57e7,Makes > Scion > iQ
28w368q7n8d6c,Makes > Mazda > Mazda MX-5
297arlq8eareo,Makes > Lexus > GS
2b5fgp310rx,Client Command Target Lists - 2364
2bsahl2o7zv38,Makes > Infiniti > Q70L
2cj8kg3hsbd,Makes > Kia > Cadenza
2clmd58euebj,Client Command Target Lists - 1959
2cxzi82c4g1io,Client Command Target Lists - 2322
2d2q7pb2lf,Makes > Toyota > 4Runner (Revision)
2d9gfm6hodnae1,Client Command Target Lists - 2422
2duwig23qxvpzv7,Makes > Lincoln > MKC-2
2hwqyv9keg2i,Makes > Tesla > Model 3
2k1vux2c4fg8k,Client Command Target Lists - 2254
2mn9l6hodjp1c,Client Command Target Lists - 2386
2n3j9i1swr5cs62,Client Command Target Lists - 1629
2n6f862mbgzsd,Makes > Nissan > Armada
2n98k76hod3bl5,Client Command Target Lists - 2228
2n9bmc9kr52p,Makes > Ford > F-150
2nr7zk6ho7208n,Client Command Target Lists - 2241
2nw3egyz3ft,Types > Vans/Minivans
3spok3f117,Makes > Honda > Odyssey
4gt3cj8euczd,Client Command Target Lists - 2307
4h6pg3y7t5a,Makes > Mitsubishi > Lancer
4i2o9nd8dn3m,Client Command Target Lists - 169
4j8gewnd8k2xs,Client Command Target Lists - 2392
4j9v6u2ooztd0,Journey > Manufacturers
4j9v6u2ooztd0,Journey > OEMs
4kcuhl9hs9m1,Makes > Honda > Pilot
4lg8s3qbbu5ap,Makes > Jaguar > XJ
4pvyc2nd83kbr,Client Command Target Lists - 1986
4qc886hodybn2,Client Command Target Lists - 2357
4qif5l9rzhub,Auto In-Market > Used Cars
4rqgcz2c4fxt5,Client Command Target Lists - 1822
4ufnrpqqbkgqv,Makes > Infiniti > JX35
5032fk8eu6nj,Client Command Target Lists - 2180
51pzwiqkgubnq,Makes > Scion > iA
51zkfr9fyw7r,Makes > Fiat > 500X
52nz94clbp,Makes > BMW
53pc013epgj,Makes > Fiat > 500E
55qrdjnd8ebkr,Client Command Target Lists - 2396
55qwl22mog9jx,Makes > Audi > A7
5b5qnd2n2pse0,Makes > GMC > Yukon
5bbc07y792i,Makes > Buick > LaCrosse
5cn3ptqacxy26,Makes > Subaru > Legacy
5eyihe2o89k97,Makes > Infiniti > EX37
5f154w7bo03btb,Makes > Honda > HR-V
5kr6zn2n1h50v,Makes > Chevrolet > Cruze
5l13t3nd8ewfa,Client Command Target Lists - 1576
5l29ndnd8jbhg,Client Command Target Lists - 915
5l3xfrq9gjhu5,Makes > Fiat > 500
5m0rihy48it,Makes > Toyota > Tundra
5os4r97fnc8fvy,Journey > Communities & Forums
5os4r97fnc8fvy,Journey > Communities / Forums
5pez2a2npn6gm,Makes > Mercedes Benz > GLS-Class
5poihdyyhai,Makes > Ferrari
5wu1c2c4ggot,Client Command Target Lists - 65
5xsvply836d,Makes > Buick > Regal
5yavdg2mlkavj,Makes > Audi > R8
5yg5l1nd8f8yd,Client Command Target Lists - 1780
5ytduuqhicicg,Makes > Ram > ProMaster City
64o2ti2mz3iaz,Makes > Volvo > S80
64qmtf9fvfuj,Makes > Infiniti > QX70
66hid4qcyhb1m,Makes > Honda > Civic
67nqs39kz8wa,Makes > Chevrolet > Suburban
6850swnd8e0fb,Client Command Target Lists - 2371
6dzg9y1swr4gtkx,Client Command Target Lists - 1283
6gao2t2mhnqyp,Makes > Infiniti > Q70
6gdhrp6hod056c,Client Command Target Lists - 1334
6ghmasnd8gliv,Client Command Target Lists - 2269
6iqo1gnd8ez8p,Client Command Target Lists - 1173
6o0q9vyj3n5,Makes > Ford > Focus
6p2n4l2c4eny9,Client Command Target Lists - 1949
6q8fau6hod7s5m,Client Command Target Lists - 2202
6qdz452nl5h9r,Makes > Mercedes Benz > CLS-Class
6rknr8nd8ilw7,Client Command Target Lists - 2324
6zc9bly09gw,Makes > Lincoln > MKT
71304o3gb55,Makes > Acura > ILX
72rrm09n5ul4,Makes > Fiat
73dmyund8f5pf,Client Command Target Lists - 680
8vnb44nd8ea85,Client Command Target Lists - 1453
8wjj3a3g16i,Makes > Mini > Countryman
8x0tck6hodoc64,Client Command Target Lists - 2424
8x1xr5nd8bcft,Client Command Target Lists - 2419
8x8ophnd8fj25,Client Command Target Lists - 1936
90cavt9os967,Journey > Auto Financing
91cvm1qz3x8zf,Makes > Volkswagen
91gorl9gmcit,Contexts > Comfort
96l0tf3etsm,Makes > Volvo > S60
9746tsy7cly,Makes > GMC > Terrain
978e8p8euem5,Client Command Target Lists - 2238
97pvggxxz7b,Makes > Lexus > IS
98sk1knd8bj43,Client Command Target Lists - 792
99e2o72mnmt3g,Makes > Audi > A3
99m3ao9isxop,Makes > Ram > 2500
9apoua2n3q91l,Makes > Ram > 1500
9awf808euda1,Client Command Target Lists - 2309
9icx07yywbf,Makes > Lexus
9k47pkqzg6l6p,Makes > Kia > K900
9k5yjc2ddm9iz,Makes > Toyota > Land Cruiser (Revision)
9kxvza1swrv9y22,Client Command Target Lists - 2355
9roin914m7,Hash Translation
9t1yx5zca1f,Makes > Lincoln > MKX-2
9u6b7rnd8liib,Client Command Target Lists - 2361
9uoy7syflsy,Makes > Dodge > Dart
9ure3c9i0she,Makes > Kia > Sedona
9zoquqsnda6r,Makes > Nissan
a0a3bc9g5np4,Makes > Tesla > Model S
a1l5snnd8g41t,Client Command Target Lists - 2142
a2c4086hobaciy,Client Command Target Lists - 1303
aaeydg9hlkqj,Makes > Audi > A8
aag6129n3qns,Makes > Honda
ae6y47xykd1,Makes > Porsche > 718
afdb4h2ouy7l3,Makes > Mercedes Benz > GLA Class
al0zfc2c4fxwb,Client Command Target Lists - 2201
auha293hgg1,Onboarding: Sales Data
auha293hgg1,Onboarding: initial_export-initial_export
awp08l6hocp2ra,Client Command Target Lists - 2159
axr9j9lai97,Makes > Acura > NSX
axy7ms2mgg9gf,Makes > Jeep > Renegade
ay387n8eud5t,Client Command Target Lists - 2184
ayomtd2c4ecau,Client Command Target Lists - 2394
b5ickgnd8cnwc,Client Command Target Lists - 2252
b5mb8g2occ9q6,Journey > Parts & Services
b620ckqpg5vwg,Makes > Audi > RS 3
b69bb4qpfg06d,Makes > Audi > S4
b7z9z68eu6b5,Client Command Target Lists - 2255
b8mwidrcvtbz1,Makes > BMW 2
b99205nd8jewy,Client Command Target Lists - 997
b9ds83nd8ihxt,Client Command Target Lists - 2389
b9en9iy24je,Makes > Porsche > Cayman
bedi866hob4c4z,Client Command Target Lists - 2413
beuc8x3g0qd,Makes > Land Rover > Range Rover Evoque
bikl6u8eudlc,Client Command Target Lists - 2366
c2oia6hob2iqb,Client Command Target Lists - 2410
d4ms632gbv,Makes > Toyota > Tacoma (Revision)
d8aoh2pl0hw8,Makes > Dodge > Grand Caravan
dcbyoknd8jbfj,Client Command Target Lists - 173
dd0yys2c4g088,Client Command Target Lists - 2321
ddzv5g2mwgykc,Makes > Volkswagen > Golf
dfu1c53g23o,Makes > Chrysler > 200
dgscb42pk13hj,Auto In-Market > Sample Test
dlqng99k79fd,Makes > Dodge > Charger
dnykgi1swr8rlae,Client Command Target Lists - 2311
dol853nd8gnwy,Client Command Target Lists - 2246
dpco5v9l7xdw,Makes > Mazda > Mazda6
dpibe12nqtlkn,Makes > Scion > tC
dwrt5kua8nc,Client Command Target Lists - 2315
dww2dtnd8fpqr,Client Command Target Lists - 2318
dxz0wjyimts,Makes > BMW > 3 Series
dyn6zt7f2g0k7u,Makes > Audi > S6
dzwmfknd8j4ox,Client Command Target Lists - 1915
e6b02tqa3gnx6,Makes > Audi > A4
e7mrm92nwiwuk,Makes > Chevrolet > Tahoe
e7zcd33hx49,Makes > Mercedes Benz
e80q5jua8ay,Client Command Target Lists - 2382
e8sbb88eug1u,Client Command Target Lists - 816
e9vk7l6hodriua,Client Command Target Lists - 2430
eahwcjua8hw,Client Command Target Lists - 1894
efkpvpyh8g3,Makes > Nissan > Altima
ei1tuw3gzja,Makes > Mitsubishi > Mirage G4
ei4itc2c4fjo3,Client Command Target Lists - 2305
ei61hy9gk0fj,Makes > Ferrari > 488 GTB
eitnqv7blioj4k,Makes > Audi > A6
ekgkg73f6wu,Makes > Toyota > Sienna
etijo12c4gcip,Client Command Target Lists - 1304
eur79h9ggr9a,Makes > Porsche > 911
ezomfo2c4fykw,Client Command Target Lists - 1935
ezrjp46hodsfro,Client Command Target Lists - 995
f0yj2pnd8irs2,Client Command Target Lists - 2403
f3stv89l4t17,Makes > Ford > Mustang
f400o5qczbeuk,Makes > Volvo > XC60
f5981uqsal7pu,Makes > GMC
f9phcpypwn8,Makes > Lincoln
fbkzcznd8dl9t,Client Command Target Lists - 2343
fc38ra2c4gj6c,Client Command Target Lists - 2368
ff30oy2p5sus3,Makes > Cadillac
fleihzyz5kl,Makes > Jeep
fm509c2p77ptf,"Makes > Dodge, Chrysler, Jeep"
fn6ydg8eu8w6,Client Command Target Lists - 1948
fna4hsr3wsqce,Make > Lotus
fna4hsr3wsqce,Makes > Lotus
fnzhg18eubwq,Client Command Target Lists - 2316
fo11ec1swrume7e,Client Command Target Lists - 2107
foglts2p4fymw,Makes > Kia > Niro
fs9ysc8pt,Makes > Infiniti > Q50
fw0ewk6hodwifh,Client Command Target Lists - 2351
fxcxf96hodwvr2,Client Command Target Lists - 2356
fyd0959fteyp,Makes > Jeep > Wrangler
fygahk2mieawf,Makes > Infiniti > QX60
fyl9j42c4g8mi,Client Command Target Lists - 2011
fyo3fp9g8pg3,Makes > Porsche > Cayenne
fz5lznd8jnun,Client Command Target Lists - 2349
hs56kwnd8i3uc,Client Command Target Lists - 2213
hvb28l6hodflvl,Client Command Target Lists - 2347
hvrjvdqhd91rm,Makes > BMW > 4 Series
i2krupxyirl,Makes > Lincoln > MKZ
i3gsusqzsdu5o,Types > Hybrids/Electrics
i6ebmu8euf9b,Client Command Target Lists - 212
i6y3c62p5xhmy,Makes > Audi
i6ytkw8euddv,Client Command Target Lists - 2312
ibxq1lua8ji,Client Command Target Lists - 1190
ic1awx2c4dpiv,Client Command Target Lists - 1669
ifq2w86hodh9j9,Client Command Target Lists - 2370
ifx3b53f0z5,Makes > Mini > Hardtop
igdijl2mwpvlu,Makes > Honda > CR-V
im10li2c4fn4z,Client Command Target Lists - 2099
im3x8m2c4fowh,Client Command Target Lists - 2281
insdcluni12,Makes > Toyota > RAV4 (Revision)
inxy02ua8lp,Client Command Target Lists - 1734
ip8gavnd8b2co,Client Command Target Lists - 2304
ipqyqr6hobstyn,Client Command Target Lists - 2344
iptiytuodt7,Makes > Toyota > Corolla (Revision)
ipysmu9kkomw,Makes > BMW > Z4
iqxyqp2c4fn8e,Client Command Target Lists - 2283
j0z6lc2c4f5kx,Client Command Target Lists - 2236
j5lcnsnd8i99s,Client Command Target Lists - 2334
j6qs692n1um38,Makes > Hyundai > Sonata
j6ty6x2c4g8lg,Client Command Target Lists - 2335
j90mbr32q5m,Makes > Toyota > Sienna (Revision)
j90uoh9pk2wb,Makes > Chrysler
j94tpz3e7eb,Makes > Jeep > Patriot
j9o7b72c4fr18,Client Command Target Lists - 2342
j9ssj56hodlu15,Client Command Target Lists - 2408
j9ud8zc8i0,Makes > Lincoln > MKX
jfg789nd8evkg,Client Command Target Lists - 1018
jh7i2hqssytyr,Makes > Subaru
jhvgom2c4fqvb,Client Command Target Lists - 2341
jil7chcbk8,Makes > Honda > Ridgeline
jj4c2g2c4fzpz,Client Command Target Lists - 2291
jkzoly9ukh2d,Makes > BMW 3
jl2ush1swrug4dh,Client Command Target Lists - 1902
jp97j9nd8gr6b,Client Command Target Lists - 2292
jpg4u16hoc1nlg,Client Command Target Lists - 2417
jqs0f99hx1gr,Makes > Buick > Encore
jrdyj82mge3v6,Makes > Tesla > Model X
jrpjwnyfrkm,Makes > Chrysler > Town & Country/Pacifica
ju722o2q641i7,Makes > Lincoln > MKT-2
juwyfmnd8e71x,Client Command Target Lists - 2414
k022b7q852j45,Makes > Jeep > Cherokee
k0qd7d8euf01,Client Command Target Lists - 1879
k2fnkpnd8hd1y,Client Command Target Lists - 1735
k3q9lw6hoc5f9n,Client Command Target Lists - 2418
k53p8p2o56o8z,Makes > Audi > S5
k6xw22mxf9q8,Makes > Honda > Fit
kao7yx2myad7s,Makes > Mitsubishi > Lancer Evolution
kb37dg6hocp7ad,Client Command Target Lists - 217
kbxiq8yf2c9,Makes > Land Rover > Discovery
kdjsar3fgqi,Makes > Ford > Fusion
ke6jia2c4ebsq,Client Command Target Lists - 1370
kf4fn5ua8c1,Client Command Target Lists - 2395
kuqop9gydjh,Makes > BMW > 6 Series
m7qfzm3elrg,Makes > Ferrari > F12tdf
m9rtqe6hocs3dh,Client Command Target Lists - 2198
mavzfk9onq9v,Makes > Audi > Q3
mbqsdx6hobxr6v,Client Command Target Lists - 1121
mc6ye18eufhm,Client Command Target Lists - 2420
mcezwznd8l2mv,Client Command Target Lists - 815
mh5ydd20v2b25b0,Makes > Ford > Edge
mhgkw2c4dog9,Client Command Target Lists - 2340
micglt6hod88oe,Client Command Target Lists - 2402
mif86x2mntatv,Makes > BMW > 7 Series
mj2s1j9pubmr,Makes > Acura
mjnuac2mnez77,Makes > Audi > Q5
mjwn5vyfjmy,Makes > Land Rover > Range Rover Sport
ml74vdr9p4hll,Makes > Lincoln > MKZ-2
mm8x7o2c4ftwd,Client Command Target Lists - 1699
mmedetua8oh,Client Command Target Lists - 2323
mmvhmsqhrrn0v,Makes > Ford > Superduties
mra10nd8axbg,Client Command Target Lists - 2409
muxush2mt6n6k,Makes > Chevrolet > Camaro
mv145w8eu58l,Client Command Target Lists - 2393
mwbkh06hobq0r4,Client Command Target Lists - 2338
mwtu2vr0mywu0,Makes > Mercedes Benz > C-Class
n1dkt12c4g4a9,Client Command Target Lists - 2268
n2h85xnd8h10l,Client Command Target Lists - 2224
n2mu78yty8d,Journey > Manufacturers 2
n2nz9z3e9ut,Makes > Mazda > Mazda CX-9
n3m4xdyn6a1,Makes > Infiniti > QX50
n47am9cl3s,Makes > Maserati
n5h4pg2ma1poo,Makes > Mazda > Mazda CX-5
n6qctu1swrab596,Client Command Target Lists - 2359
nbdcn532vud,Makes > Toyota (Revision)
ncbek82c4ggu3,Client Command Target Lists - 2432
ncz3fl2p33do5,Makes > Rolls Royce
ne9nbn2mx1gkk,Makes > Toyota > Yaris
nfitu19l12o1,Makes > BMW > 5 Series
nlab889ooytv,Makes > Acura > RDX
nmne49211lwrhes,Makes > Subaru > Impreza
nmz2ihnd8i0zv,Client Command Target Lists - 2332
nnl63a9hp9b2,Makes > Volkswagen > Touareg
nnr7k8ua8lo,Client Command Target Lists - 1120
nou3wm6hodph6d,Client Command Target Lists - 2426
npgl1ynd8bctp,Client Command Target Lists - 921
nq9tus2c4gax7,Client Command Target Lists - 1886
nvw6ea2nv0eya,Makes > Nissan > Versa
nxd3b2mjtq0f,Contexts > Safety
nxtm616hodhvk8,Client Command Target Lists - 2381
o5oxf6nd8ktul,Client Command Target Lists - 1835
o6k9bl2mwwkp8,Makes > Toyota > 4Runner
o6ma1y9knl6z,Makes > Scion > FR-S
o73i9tua8jz,Client Command Target Lists - 1261
o7q5bq2mxgoe0,Makes > Volvo > S90
oa6vzm9m4ccf,Makes > Audi > S8
ogb0aq9kcmhl,Makes > Mercedes Benz > E-Class
oi53qtp65sa6f,Hash Visitors
oi53qtp65sa6g,Hash Visitors
oiswg02og5oax,Makes > Mazda
oj3rj5237qvt1s9,Auto In-Market > Car Insurance
ojgz2q8euf4y,Client Command Target Lists - 2251
ok2ws92c4efi8,Client Command Target Lists - 2367
oknabr7c1fv9tw,Makes > Chevrolet > Spark
okpclg8eud2l,Client Command Target Lists - 2308
opd4id2mw7gz0,Makes > Toyota > Corolla
opu5xj9hqg1l,Makes > Toyota > Camry
otfbc2yiwvv,Makes > Nissan > Frontier
qq7tx19mfguu,Makes > Infiniti > FX37
qquw5y2pl219z,Makes > Dodge > Journey
qqwv3pnd8fvdx,Client Command Target Lists - 2039
qs85rb9hrd8m,Makes > Hyundai > Santa Fe
qwy7tl2mljx1x,Makes > Ferrari > F12berlinetta
qxp92q2oj3ojd,Journey > Dealerships
qyflfsnd8bd5z,Client Command Target Lists - 2282
qz445y6hocszso,Client Command Target Lists - 2199
qz5hrsyg8vl,Makes > Land Rover > LR4
r0bdkw2c4fwq1,Client Command Target Lists - 1054
r0wco58eu7i2,Client Command Target Lists - 2406
r0wdnlqgy6zxe,Makes > Ram > ProMaster
r1ai5j9on1zq,Types > Convertibles 2
r91qp5qmukma7,Makes > Chevrolet > Colorado
r94k2fnd8imr6,Client Command Target Lists - 2227
r9q2djulbuo,Makes > Toyota > Camry (Revision)
rhvkg02c4fprf,Client Command Target Lists - 1445
rihfg42mt0g1v,Onboarding: sales-sales
rrs6qe6hocz7di,Client Command Target Lists - 2301
rtkuwk3gd2c,Auto In-Market > Websites
rutmhtnd8do3w,Client Command Target Lists - 2358
rvlhf89kw6s8,Makes > Nissan > Sentra
s2rtp57bqcfw90,Makes > Hyundai > Tucson
s2w8ev3fxdi,Makes > Jaguar > XE
s3htli2n2oujh,Makes > Kia > Rio
s3pkyaur2ib,Makes > Toyota > Yaris (Revision)
s4atkh3ejam,Makes > Fiat > 500L
s58uf91swrhnirq,Client Command Target Lists - 2157
s5gv8p7jkweyzy,Makes > Alfa Romeo
s5y8ljnd7y8j6,Client Command Target Lists - 1266
s63ejty60m6,Makes > Subaru > WRX
s64w2x3f5mt,Makes > Mitsubishi > Outlander
s6lo36nd8lh1x,Client Command Target Lists - 817
sc6gso9hwzmq,Makes > Toyota > Highlander
sd07qgz3gcz,Auto In-Market > Generic Dealerships
se65u19hulwd,Makes > Hyundai > Elantra
skyujp6hocao73,Client Command Target Lists - 1890
spcivl2c4fzth,Client Command Target Lists - 2097
sqldf4yv7dl,Makes > Infiniti > QX30
sqpfyr2c4enfz,Client Command Target Lists - 2041
svqqdk9l0zvr,Makes > Nissan > Titan
sw2ttc2mvd6or,Makes > Toyota > Tacoma
sy8dhund8inqv,Client Command Target Lists - 2399
sykswz6hodvnwh,Client Command Target Lists - 2270
sywfbl2n8rlt0,Makes > Ram > 3500
t5hpxwqd4a2kq,Makes > Volkswagen > Jetta
t62v5g7c0dn9kn,Makes > GMC > Acadia
t7d8x02mijiyc,Contexts > Fuel Economy
t7eaf82oa2h6v,Makes > Ford
t7xxew2mxntb1,Makes > Kia > Soul
t8nv443etak,Contexts > Reliability/Durability
u289tnd8iqay,Client Command Target Lists - 2401
u6napnd8f5ya,Client Command Target Lists - 562
v43pzk6hobed25,Client Command Target Lists - 2009
v5bv422oskl7z,Journey > Automotive Portals
v5bv422oskl7z,Journey > Portals
v5v9c9b2zm,Makes > Toyota > Tundra (Revision)
v78787nd8kzm9,Client Command Target Lists - 2350
v7e8ib8euec3,Client Command Target Lists - 2278
v8gbxy7aagud0a,Makes > Ford > Fiesta
v8h5ee2p49dxd,Makes > Volvo
vi1ogmyz779,Makes > Dodge
vi3amx3gat3,Makes > Mazda > Mazda5
vnc7ef2no40ky,Makes > Dodge > Challenger
vnm5owcf31,Makes > Nissan > Maxima
vp9deo2d6btun,Makes > Toyota > Prius (Revision)
vqgvevqlgz4ms,Makes > Cadillac > XTS
vqikuq9pjzyi,Makes > Tesla
vqruk1nd8i52y,Client Command Target Lists - 2331
vsm0y09qb5c1,Makes > Ford > Expedition
vwpfys8eu749,Client Command Target Lists - 2400
vwrjw83hqbq,"Auto In-Market > Under $20,000"
vym9eg8eufif,Client Command Target Lists - 2250
vz2ugyfxmd,Makes > Cadillac > Escalade
w12zwi6ho8aokv,Client Command Target Lists - 172
w2lzf63hz2p,Makes > Lamborghini
w6upv49rzodj,Auto In-Market > New Cars
w86h522c4f39e,Client Command Target Lists - 2390
w9a4w72c4fmpd,Client Command Target Lists - 2302
w9xxsjqc6eznq,Makes > Toyota > RAV4
wb84kw6hoccu3m,Client Command Target Lists - 1954
wbp8wh9jgg3d,Makes > Ford > Explorer
whgyeo2c4eb1f,Client Command Target Lists - 1273
who5qh2c4fuck,Client Command Target Lists - 2415
witsld2c4g0xd,Client Command Target Lists - 2154
wjtbt5y3ncn,Makes > Toyota > Land Cruiser
wm1eua2nvhpv3,Makes > Nissan > LEAF
wml5xuy2whg,Makes > Porsche > Panamera
wmnjhxr3fr6lq,Auto In-Market > Collision & Totaled
wqzxv6hobyfsm,Client Command Target Lists - 2391
wrf5sh9hxxi7,Makes > Honda > Element
wrfci99i3haz,Makes > Mini > Convertible
wrgz6b6hodav9h,Client Command Target Lists - 820
wrjpcpnd8d09x,Client Command Target Lists - 2280
wtdedky7tma,Makes > Buick > Verano
wty7oj9n9tq3,Makes > RAM
wtymvand8edyc,Client Command Target Lists - 2416
wtyqhk6hodkji2,Client Command Target Lists - 2407
wupffcydimq,Makes > Ford > Taurus
x26y6u1swr49c0t,Client Command Target Lists - 1246
x3alug9kqnon,Makes > Acura > RLX
x3v392nd8fp5h,Client Command Target Lists - 2239
x4nsqb2c4g8pw,Client Command Target Lists - 2383
x6bsro9kauun,Makes > Dodge > Durango
xe3a6c6hobju9h,Client Command Target Lists - 2253
xeqtfdz0dag,Auto In-Market > General Behavior
xgiq07nd8jvis,Client Command Target Lists - 2385
xkvka02mdjmn2,Makes > Jeep > Compass
xlc9py6hocef6e,Client Command Target Lists - 2125
xmond0l1hdc00fk,Makes > Lincoln > MKS-2
xmpj00xxw2n,Makes > Nissan > Rogue
xp66p1nd8cu03,Client Command Target Lists - 2259
xu7846hobxlud,Client Command Target Lists - 2372
y2d0kyf5iy,Makes > Dodge > Viper
zjyvyoua8ai,Client Command Target Lists - 2229
zl86qq9gmzyn,Makes > Audi > A5
zldwrt3g361,Makes > Cadillac > CTS
zlxjd3nd8c449,Client Command Target Lists - 1841
znvuqp2p7vx9e,Types > Convertibles
znx75s2c4ep4g,Client Command Target Lists - 1987
zo9q0z2mwpau5,Makes > Volkswagen > Passat
zof4072c4gdax,Client Command Target Lists - 2353
zofhat9gnr5d,Makes > Jaguar > XF
zsqzxiyf02a,Makes > BMW > X5
ztf3849jv9k4,Makes > Mercedes Benz > CLA-Class
ztjg3o6hodlej2,Client Command Target Lists - 2423
zuo1go8eu7py,Client Command Target Lists - 2242
zvq8bcyydh5,Types > SUVs/Crossovers
zx4ge8yii2l,Makes > Mini > Paceman
